,Teams,CoollePDFConverter
Teams,0.6811369925638111,0.369080003755136
CoollePDFConverter,0.4444444444444444,0.972972972972973
