ApplicationFrameHost,chrome
0.8603115634365635,0.8354408482661211
