ApplicationFrameHost,chrome
0.8603115634365635,0.41998523450136355
0.7661256588024504,0.8354408482661211
