,ApplicationFrameHost,chrome,CoollePDFConverter,explorer,firefox,msedge,ONENOTE,OUTLOOK,SearchApp,ShellExperienceHost,Skype,Ssms,Teams
IM vs HM,0.0005662930501968902,0.0005670895332575312,2.879079334600843e-07,0.0021675071777909733,0.004049453317864064,4.053978464153095e-06,0.0007708631429497795,6.233493933632036e-08,0.0011347153075094705,0.0006976974946404454,0.03888123203919751,0.0011014221508498865,8.322743925904487e-08
IM vs IMF,0.0005894940896963375,4.6410655819014266e-05,8.799913640588693e-06,7.932766632106269e-06,0.001197623055152026,0.0006794537426988176,3.7549904164959365e-07,1.3493487950594016e-07,2.8422426499752756e-10,0.0793967721784058,0.07554298273560092,7.133601216304422e-06,1.7797056424560655e-07
HM vs IMF,0.4629774503831331,0.09836872818856897,0.03773981999544308,0.05560165694067555,0.5472778591807703,0.04598941161485468,0.34057137698107476,0.3466464887880132,0.4639902220523364,0.007009905985772644,0.4589327385419826,0.9336204161101844,0.48144166257755305
